/*
 Navicat Premium Data Transfer

 Source Server         : 本地连接
 Source Server Type    : MySQL
 Source Server Version : 80013
 Source Host           : localhost:3306
 Source Schema         : property_db

 Target Server Type    : MySQL
 Target Server Version : 80013
 File Encoding         : 65001

 Date: 14/05/2023 19:46:29
*/

SET NAMES utf8mb4;
SET FOREIGN_KEY_CHECKS = 0;

-- ----------------------------
-- Table structure for access_visit
-- ----------------------------
DROP TABLE IF EXISTS `access_visit`;
CREATE TABLE `access_visit`  (
  `id` int(11) NOT NULL AUTO_INCREMENT COMMENT '自增主键',
  `user_name` varchar(255) CHARACTER SET utf8 COLLATE utf8_general_ci NULL DEFAULT NULL COMMENT '用户姓名',
  `phone` varchar(255) CHARACTER SET utf8 COLLATE utf8_general_ci NULL DEFAULT NULL COMMENT '用户手机号',
  `create_date` datetime(0) NULL DEFAULT NULL COMMENT '登记时间',
  `type` varchar(2) CHARACTER SET utf8 COLLATE utf8_general_ci NULL DEFAULT NULL COMMENT '是否疑似病例',
  `desc` varchar(255) CHARACTER SET utf8 COLLATE utf8_general_ci NULL DEFAULT NULL COMMENT '事由',
  `user_id` int(11) NULL DEFAULT NULL COMMENT '登记的用户ID',
  `type1` varchar(2) CHARACTER SET utf8 COLLATE utf8_general_ci NULL DEFAULT NULL COMMENT '是否隔离',
  `type2` varchar(2) CHARACTER SET utf8 COLLATE utf8_general_ci NULL DEFAULT NULL COMMENT '是否接种疫苗',
  `health_code_path` varchar(60) CHARACTER SET utf8 COLLATE utf8_general_ci NULL DEFAULT NULL COMMENT '健康码上传图',
  `travel_code_path` varchar(60) CHARACTER SET utf8 COLLATE utf8_general_ci NULL DEFAULT NULL COMMENT '行程码上传图',
  PRIMARY KEY (`id`) USING BTREE
) ENGINE = InnoDB AUTO_INCREMENT = 10 CHARACTER SET = utf8 COLLATE = utf8_general_ci COMMENT = '出入登记表' ROW_FORMAT = Dynamic;

-- ----------------------------
-- Records of access_visit
-- ----------------------------
INSERT INTO `access_visit` VALUES (8, '张三', '15566778899', '2024-01-14 16:39:00', '0', '', 1, '0', '一针', 'images\\2024-01\\c8467b35-8979-4e0a-bd2b-8feac7587a9f.jpeg', 'images\\2024-01\\753e7e49-6372-4ec6-8f5a-ec2d31d14343.jpeg');
INSERT INTO `access_visit` VALUES (9, '李四', '15566889966', '2024-01-14 16:56:32', '0', '都健康的很！', 2, '0', '二针', 'images\\2024-01\\562b7b73-235c-48e3-aeaa-5ede8508e4d5.jpeg', 'images\\2024-01\\86844fc1-f99d-41a9-956e-1eed15050f8b.jpeg');

-- ----------------------------
-- Table structure for admin
-- ----------------------------
DROP TABLE IF EXISTS `admin`;
CREATE TABLE `admin`  (
  `id` int(6) UNSIGNED ZEROFILL NOT NULL AUTO_INCREMENT COMMENT '自增主键ID',
  `user_name` varchar(32) CHARACTER SET utf8 COLLATE utf8_general_ci NULL DEFAULT NULL COMMENT '用户名',
  `login_name` varchar(32) CHARACTER SET utf8 COLLATE utf8_general_ci NULL DEFAULT NULL COMMENT '登录后显示的名字',
  `password` varchar(255) CHARACTER SET utf8 COLLATE utf8_general_ci NULL DEFAULT NULL COMMENT '登录密码（原密码sha1加密  盐值 sha256加密，之后两个相加再进行MD5加密）',
  `salt` varchar(255) CHARACTER SET utf8 COLLATE utf8_general_ci NULL DEFAULT NULL COMMENT '加密的盐值',
  PRIMARY KEY (`id`) USING BTREE
) ENGINE = InnoDB AUTO_INCREMENT = 7 CHARACTER SET = utf8 COLLATE = utf8_general_ci COMMENT = '系统管理员表 ' ROW_FORMAT = Dynamic;

-- ----------------------------
-- Records of admin
-- ----------------------------
INSERT INTO `admin` VALUES (000001, 'admin', '超级管理员', 'ca9c045633b97ad28affb6ba09b2062e', 'b33cee43-c5f4-4521-aef1-0a508fed2daf');
INSERT INTO `admin` VALUES (000002, 'sqadmin', '社区管理员', 'ca9c045633b97ad28affb6ba09b2062e', 'b33cee43-c5f4-4521-aef1-0a508fed2daf');
INSERT INTO `admin` VALUES (000003, 'wyadmin', '物业管理员', 'ca9c045633b97ad28affb6ba09b2062e', 'b33cee43-c5f4-4521-aef1-0a508fed2daf');

-- ----------------------------
-- Table structure for car_park
-- ----------------------------
DROP TABLE IF EXISTS `car_park`;
CREATE TABLE `car_park`  (
  `id` int(6) UNSIGNED ZEROFILL NOT NULL AUTO_INCREMENT COMMENT '自增ID',
  `owner_name` varchar(32) CHARACTER SET utf8 COLLATE utf8_general_ci NULL DEFAULT NULL COMMENT '业主名（如果售出则不可为空）',
  `phone` varchar(32) CHARACTER SET utf8 COLLATE utf8_general_ci NULL DEFAULT NULL COMMENT '业主联系电话',
  `park_state` varchar(32) CHARACTER SET utf8 COLLATE utf8_general_ci NULL DEFAULT NULL COMMENT '车位状态（0未售出，1已售出）',
  `car_park_type` varchar(64) CHARACTER SET utf8 COLLATE utf8_general_ci NULL DEFAULT NULL COMMENT '车位类型',
  `car_park_info` varchar(30) CHARACTER SET utf8 COLLATE utf8_general_ci NULL DEFAULT NULL COMMENT '车位信息',
  PRIMARY KEY (`id`) USING BTREE
) ENGINE = InnoDB AUTO_INCREMENT = 11 CHARACTER SET = utf8 COLLATE = utf8_general_ci COMMENT = '停车场表 ' ROW_FORMAT = Dynamic;

-- ----------------------------
-- Records of car_park
-- ----------------------------
INSERT INTO `car_park` VALUES (000001, '张三', '15566778899', '1', '地下停车位', 'A-101');
INSERT INTO `car_park` VALUES (000002, '', '', '0', '地下停车位', 'A-102');
INSERT INTO `car_park` VALUES (000003, '', '', '0', '地下停车位', 'A-103');
INSERT INTO `car_park` VALUES (000004, '', '', '0', '地下停车位', 'A-104');
INSERT INTO `car_park` VALUES (000006, '', '', '0', '地下停车位', 'A-202');
INSERT INTO `car_park` VALUES (000007, '', '', '0', '地面停车位', 'F-301');
INSERT INTO `car_park` VALUES (000008, NULL, NULL, NULL, '地面停车位', 'F-101');
INSERT INTO `car_park` VALUES (000009, NULL, NULL, NULL, '地面停车位', 'L-120');
INSERT INTO `car_park` VALUES (000010, NULL, NULL, NULL, '地面停车位', 'F-688');

-- ----------------------------
-- Table structure for car_park_charge
-- ----------------------------
DROP TABLE IF EXISTS `car_park_charge`;
CREATE TABLE `car_park_charge`  (
  `id` int(6) UNSIGNED ZEROFILL NOT NULL AUTO_INCREMENT COMMENT '自增ID',
  `user_id` int(11) NOT NULL COMMENT '用户ID',
  `car_park_id` int(11) NOT NULL COMMENT '车位ID',
  `owner_name` varchar(32) CHARACTER SET utf8 COLLATE utf8_general_ci NULL DEFAULT NULL COMMENT '业主名',
  `phone` varchar(32) CHARACTER SET utf8 COLLATE utf8_general_ci NULL DEFAULT NULL COMMENT '业主联系电话',
  `fee` decimal(12, 2) NULL DEFAULT NULL COMMENT '费用',
  `charge_date` datetime(0) NULL DEFAULT NULL COMMENT '收费日期',
  `read_name` varchar(32) CHARACTER SET utf8 COLLATE utf8_general_ci NULL DEFAULT NULL COMMENT '收费人',
  `pay_type` varchar(32) CHARACTER SET utf8 COLLATE utf8_general_ci NULL DEFAULT NULL COMMENT '缴费方式',
  PRIMARY KEY (`id`) USING BTREE
) ENGINE = InnoDB AUTO_INCREMENT = 18 CHARACTER SET = utf8 COLLATE = utf8_general_ci COMMENT = '停车场收费记录 ' ROW_FORMAT = Dynamic;

-- ----------------------------
-- Records of car_park_charge
-- ----------------------------
INSERT INTO `car_park_charge` VALUES (000008, 1, 1, '张三', '15566778899', 30.00, '2024-01-28 04:02:23', '管理员', '现金');
INSERT INTO `car_park_charge` VALUES (000009, 2, 8, '李四', '15566889966', 50.00, '2024-01-28 04:30:15', '管理员', '现金');
INSERT INTO `car_park_charge` VALUES (000010, 8, 6, '住户1', '15566888811', 60.80, '2024-01-29 12:32:39', '管理员', '支付宝');
INSERT INTO `car_park_charge` VALUES (000011, 8, 8, '住户1', '15566888811', 109.00, '2024-01-29 16:33:11', '管理员', '微信');
INSERT INTO `car_park_charge` VALUES (000012, 2, 3, '李四', '15566889966', 96.00, '2024-01-15 16:34:36', '管理员', '支付宝');
INSERT INTO `car_park_charge` VALUES (000013, 1, 8, '张三', '15566778899', 27.90, '2024-01-15 16:35:14', '管理员', '微信');
INSERT INTO `car_park_charge` VALUES (000014, 8, 9, '住户1', '15566888811', 128.90, '2024-01-15 19:35:06', '管理员', '现金');
INSERT INTO `car_park_charge` VALUES (000015, 1, 4, '张三', '15566778899', 189.90, '2024-01-15 19:43:52', '管理员', '现金');
INSERT INTO `car_park_charge` VALUES (000016, 2, 6, '李四', '15566889966', 182.00, '2024-01-16 23:12:17', '管理员', '现金');
INSERT INTO `car_park_charge` VALUES (000017, 1, 10, '张三', '15566778899', 198.00, '2024-01-17 01:03:57', '管理员', '支付宝');

-- ----------------------------
-- Table structure for comment
-- ----------------------------
DROP TABLE IF EXISTS `comment`;
CREATE TABLE `comment`  (
  `id` int(11) NOT NULL AUTO_INCREMENT COMMENT '自增主键',
  `user_id` int(11) NULL DEFAULT NULL COMMENT '评价人ID',
  `content` varchar(2048) CHARACTER SET utf8 COLLATE utf8_general_ci NULL DEFAULT NULL COMMENT '评价内容',
  `create_date` datetime(0) NULL DEFAULT NULL COMMENT '评价内容',
  `notice_id` int(11) NULL DEFAULT NULL COMMENT '评价的那条公告',
  `is_delete` varchar(2) CHARACTER SET utf8 COLLATE utf8_general_ci NULL DEFAULT '0' COMMENT '0没删除 1用户删除 2管理员删除',
  `score` varchar(32) CHARACTER SET utf8 COLLATE utf8_general_ci NULL DEFAULT NULL COMMENT '情感分值',
  `degree` varchar(10) CHARACTER SET utf8 COLLATE utf8_general_ci NULL DEFAULT NULL COMMENT '评论等级（好中差）',
  PRIMARY KEY (`id`) USING BTREE
) ENGINE = InnoDB AUTO_INCREMENT = 14 CHARACTER SET = utf8 COLLATE = utf8_general_ci COMMENT = '评论表' ROW_FORMAT = Dynamic;

-- ----------------------------
-- Records of comment
-- ----------------------------
INSERT INTO `comment` VALUES (10, 1, '很棒哦，爱了爱了！', '2024-01-13 00:26:50', 12, '0', '6.48', '好');
INSERT INTO `comment` VALUES (11, 1, '搞什么嘛，物业费收这么贵！', '2024-01-13 00:27:10', 13, '0', '-5.22', '差');
INSERT INTO `comment` VALUES (12, 1, '很不错哦！', '2024-01-15 19:33:17', 12, '0', '5.44', '中');
INSERT INTO `comment` VALUES (13, 1, '这收的都是啥玩意？', '2024-01-15 19:33:42', 13, '0', '-2.92', '差');

-- ----------------------------
-- Table structure for employee
-- ----------------------------
DROP TABLE IF EXISTS `employee`;
CREATE TABLE `employee`  (
  `id` int(11) NOT NULL AUTO_INCREMENT COMMENT '自增主键',
  `emp_name` varchar(64) CHARACTER SET utf8 COLLATE utf8_general_ci NULL DEFAULT NULL COMMENT '员工名',
  `emp_phone` varchar(32) CHARACTER SET utf8 COLLATE utf8_general_ci NULL DEFAULT NULL COMMENT '员工电话',
  `emp_sex` varchar(32) CHARACTER SET utf8 COLLATE utf8_general_ci NULL DEFAULT NULL COMMENT '员工性别',
  `emp_id_card` varchar(32) CHARACTER SET utf8 COLLATE utf8_general_ci NULL DEFAULT NULL COMMENT '员工身份证号',
  `emp_age` int(11) NULL DEFAULT NULL COMMENT '员工年龄',
  `emp_address` varchar(255) CHARACTER SET utf8 COLLATE utf8_general_ci NULL DEFAULT NULL COMMENT '员工住址',
  PRIMARY KEY (`id`) USING BTREE
) ENGINE = InnoDB AUTO_INCREMENT = 4 CHARACTER SET = utf8 COLLATE = utf8_general_ci COMMENT = '员工表' ROW_FORMAT = Dynamic;

-- ----------------------------
-- Records of employee
-- ----------------------------
INSERT INTO `employee` VALUES (2, '工作人员1', '13555667766', '男', '320724199903195713', 23, '辽宁省鞍山市台安县水岸名都');
INSERT INTO `employee` VALUES (3, '工作人员2', '15544666655', '女', '210321199908089008', 22, '辽宁省鞍山市台安县水岸名都');

-- ----------------------------
-- Table structure for house_info
-- ----------------------------
DROP TABLE IF EXISTS `house_info`;
CREATE TABLE `house_info`  (
  `id` int(6) UNSIGNED ZEROFILL NOT NULL AUTO_INCREMENT COMMENT '自增主键',
  `parent_building` varchar(32) CHARACTER SET utf8 COLLATE utf8_general_ci NULL DEFAULT NULL COMMENT '所属楼宇',
  `parent_unit` varchar(32) CHARACTER SET utf8 COLLATE utf8_general_ci NULL DEFAULT NULL COMMENT '所属单元',
  `parent_floor` varchar(32) CHARACTER SET utf8 COLLATE utf8_general_ci NULL DEFAULT NULL COMMENT '所属楼层',
  `house_num` varchar(32) CHARACTER SET utf8 COLLATE utf8_general_ci NULL DEFAULT NULL COMMENT '房间号',
  `house_area` varchar(32) CHARACTER SET utf8 COLLATE utf8_general_ci NULL DEFAULT NULL COMMENT '房间大小',
  `house_type` varchar(32) CHARACTER SET utf8 COLLATE utf8_general_ci NULL DEFAULT NULL COMMENT '房间户型',
  `is_sold` varchar(32) CHARACTER SET utf8 COLLATE utf8_general_ci NULL DEFAULT NULL COMMENT '是否售出：0未售出1已售出',
  `owner_name` varchar(32) CHARACTER SET utf8 COLLATE utf8_general_ci NULL DEFAULT NULL COMMENT '业主名（如果售出则不可为空）',
  `phone` varchar(32) CHARACTER SET utf8 COLLATE utf8_general_ci NULL DEFAULT NULL COMMENT '业主联系电话（如果售出则不可为空）',
  `user_id` int(11) NULL DEFAULT NULL COMMENT '绑定的住户ID（已绑定也代表已售出）',
  `home_state` int(11) NULL DEFAULT NULL COMMENT '房屋状态（0未出租，1出租）',
  PRIMARY KEY (`id`) USING BTREE
) ENGINE = InnoDB AUTO_INCREMENT = 128 CHARACTER SET = utf8 COLLATE = utf8_general_ci COMMENT = '住房详细信息 ' ROW_FORMAT = Dynamic;

-- ----------------------------
-- Records of house_info
-- ----------------------------
INSERT INTO `house_info` VALUES (000001, '1', '1', '1', '101', '110', '三室一厅一厨两卫', '1', '冰冰', '13788889999', 12, NULL);
INSERT INTO `house_info` VALUES (000002, '1', '1', '1', '102', '110', '三室一厅一厨两卫', '3', '李四', '15566889966', 2, NULL);
INSERT INTO `house_info` VALUES (000003, '1', '1', '2', '201', '110', '三室一厅一厨两卫', '1', '李四', '15566889966', 2, NULL);
INSERT INTO `house_info` VALUES (000006, '1', '1', '3', '302', '110', '三室一厅一厨两卫', '1', '张三', '15566778899', 1, NULL);
INSERT INTO `house_info` VALUES (000007, '1', '1', '4', '401', '110', '三室一厅一厨两卫', '1', '张三', '15566778899', 1, NULL);
INSERT INTO `house_info` VALUES (000008, '1', '1', '4', '401', '110', '三室一厅一厨两卫', '1', '张三', '15566778899', 1, NULL);
INSERT INTO `house_info` VALUES (000009, '1', '1', '5', '501', '110', '三室一厅一厨两卫', '1', '张三', '15566778899', 1, NULL);
INSERT INTO `house_info` VALUES (000010, '1', '1', '5', '502', '110', '三室一厅一厨两卫', '1', '张三', '15566778899', 1, NULL);
INSERT INTO `house_info` VALUES (000011, '1', '1', '6', '601', '110', '三室一厅一厨两卫', '0', NULL, NULL, NULL, NULL);
INSERT INTO `house_info` VALUES (000012, '1', '1', '6', '602', '110', '三室一厅一厨两卫', '0', NULL, NULL, NULL, NULL);
INSERT INTO `house_info` VALUES (000013, '1', '1', '7', '701', '110', '三室一厅一厨两卫', '0', NULL, NULL, NULL, NULL);
INSERT INTO `house_info` VALUES (000014, '1', '1', '7', '702', '110', '三室一厅一厨两卫', '0', NULL, NULL, NULL, NULL);
INSERT INTO `house_info` VALUES (000015, '1', '2', '1', '101', '110', '三室一厅一厨两卫', '1', '李四', '15566889966', 2, NULL);
INSERT INTO `house_info` VALUES (000016, '1', '2', '1', '102', '110', '三室一厅一厨两卫', '0', NULL, NULL, NULL, NULL);
INSERT INTO `house_info` VALUES (000017, '1', '2', '2', '201', '110', '三室一厅一厨两卫', '0', NULL, NULL, NULL, NULL);
INSERT INTO `house_info` VALUES (000018, '1', '2', '2', '202', '110', '三室一厅一厨两卫', '0', NULL, NULL, NULL, NULL);
INSERT INTO `house_info` VALUES (000019, '1', '2', '3', '301', '110', '三室一厅一厨两卫', '0', NULL, NULL, NULL, NULL);
INSERT INTO `house_info` VALUES (000020, '1', '2', '3', '302', '110', '三室一厅一厨两卫', '0', NULL, NULL, NULL, NULL);
INSERT INTO `house_info` VALUES (000021, '1', '2', '4', '401', '110', '三室一厅一厨两卫', '0', NULL, NULL, NULL, NULL);
INSERT INTO `house_info` VALUES (000022, '1', '2', '4', '401', '110', '三室一厅一厨两卫', '0', NULL, NULL, NULL, NULL);
INSERT INTO `house_info` VALUES (000023, '1', '2', '5', '501', '110', '三室一厅一厨两卫', '0', NULL, NULL, NULL, NULL);
INSERT INTO `house_info` VALUES (000024, '1', '2', '5', '502', '110', '三室一厅一厨两卫', '0', NULL, NULL, NULL, NULL);
INSERT INTO `house_info` VALUES (000025, '1', '2', '6', '601', '110', '三室一厅一厨两卫', '0', NULL, NULL, NULL, NULL);
INSERT INTO `house_info` VALUES (000026, '1', '2', '6', '602', '110', '三室一厅一厨两卫', '0', NULL, NULL, NULL, NULL);
INSERT INTO `house_info` VALUES (000027, '1', '2', '7', '701', '110', '三室一厅一厨两卫', '0', NULL, NULL, NULL, NULL);
INSERT INTO `house_info` VALUES (000028, '1', '2', '7', '702', '110', '三室一厅一厨两卫', '0', NULL, NULL, NULL, NULL);
INSERT INTO `house_info` VALUES (000029, '1', '3', '1', '101', '110', '三室一厅一厨两卫', '0', NULL, NULL, NULL, NULL);
INSERT INTO `house_info` VALUES (000030, '1', '3', '1', '102', '110', '三室一厅一厨两卫', '0', NULL, NULL, NULL, NULL);
INSERT INTO `house_info` VALUES (000031, '1', '3', '2', '201', '110', '三室一厅一厨两卫', '0', NULL, NULL, NULL, NULL);
INSERT INTO `house_info` VALUES (000032, '1', '3', '2', '202', '110', '三室一厅一厨两卫', '0', NULL, NULL, NULL, NULL);
INSERT INTO `house_info` VALUES (000033, '1', '3', '3', '301', '110', '三室一厅一厨两卫', '0', NULL, NULL, NULL, NULL);
INSERT INTO `house_info` VALUES (000034, '1', '3', '3', '302', '110', '三室一厅一厨两卫', '0', NULL, NULL, NULL, NULL);
INSERT INTO `house_info` VALUES (000035, '1', '3', '4', '401', '110', '三室一厅一厨两卫', '0', NULL, NULL, NULL, NULL);
INSERT INTO `house_info` VALUES (000036, '1', '3', '4', '401', '110', '三室一厅一厨两卫', '0', NULL, NULL, NULL, NULL);
INSERT INTO `house_info` VALUES (000037, '1', '3', '5', '501', '110', '三室一厅一厨两卫', '0', NULL, NULL, NULL, NULL);
INSERT INTO `house_info` VALUES (000038, '1', '3', '5', '502', '110', '三室一厅一厨两卫', '0', NULL, NULL, NULL, NULL);
INSERT INTO `house_info` VALUES (000039, '1', '3', '6', '601', '110', '三室一厅一厨两卫', '0', NULL, NULL, NULL, NULL);
INSERT INTO `house_info` VALUES (000040, '1', '3', '6', '602', '110', '三室一厅一厨两卫', '0', NULL, NULL, NULL, NULL);
INSERT INTO `house_info` VALUES (000041, '1', '3', '7', '701', '110', '三室一厅一厨两卫', '0', NULL, NULL, NULL, NULL);
INSERT INTO `house_info` VALUES (000042, '1', '3', '7', '702', '110', '三室一厅一厨两卫', '0', NULL, NULL, NULL, NULL);
INSERT INTO `house_info` VALUES (000043, '2', '1', '1', '101', '110', '三室一厅一厨两卫', '0', NULL, NULL, NULL, NULL);
INSERT INTO `house_info` VALUES (000044, '2', '1', '1', '102', '110', '三室一厅一厨两卫', '0', NULL, NULL, NULL, NULL);
INSERT INTO `house_info` VALUES (000045, '2', '1', '2', '201', '110', '三室一厅一厨两卫', '0', NULL, NULL, NULL, NULL);
INSERT INTO `house_info` VALUES (000046, '2', '1', '2', '202', '110', '三室一厅一厨两卫', '0', NULL, NULL, NULL, NULL);
INSERT INTO `house_info` VALUES (000047, '2', '1', '3', '301', '110', '三室一厅一厨两卫', '0', NULL, NULL, NULL, NULL);
INSERT INTO `house_info` VALUES (000048, '2', '1', '3', '302', '110', '三室一厅一厨两卫', '0', NULL, NULL, NULL, NULL);
INSERT INTO `house_info` VALUES (000049, '2', '1', '4', '401', '110', '三室一厅一厨两卫', '0', NULL, NULL, NULL, NULL);
INSERT INTO `house_info` VALUES (000050, '2', '1', '4', '401', '110', '三室一厅一厨两卫', '0', NULL, NULL, NULL, NULL);
INSERT INTO `house_info` VALUES (000051, '2', '1', '5', '501', '110', '三室一厅一厨两卫', '0', NULL, NULL, NULL, NULL);
INSERT INTO `house_info` VALUES (000052, '2', '1', '5', '502', '110', '三室一厅一厨两卫', '0', NULL, NULL, NULL, NULL);
INSERT INTO `house_info` VALUES (000053, '2', '1', '6', '601', '110', '三室一厅一厨两卫', '0', NULL, NULL, NULL, NULL);
INSERT INTO `house_info` VALUES (000054, '2', '1', '6', '602', '110', '三室一厅一厨两卫', '0', NULL, NULL, NULL, NULL);
INSERT INTO `house_info` VALUES (000055, '2', '1', '7', '701', '110', '三室一厅一厨两卫', '0', NULL, NULL, NULL, NULL);
INSERT INTO `house_info` VALUES (000056, '2', '1', '7', '702', '110', '三室一厅一厨两卫', '0', NULL, NULL, NULL, NULL);
INSERT INTO `house_info` VALUES (000057, '2', '2', '1', '101', '110', '三室一厅一厨两卫', '0', NULL, NULL, NULL, NULL);
INSERT INTO `house_info` VALUES (000058, '2', '2', '1', '102', '110', '三室一厅一厨两卫', '0', NULL, NULL, NULL, NULL);
INSERT INTO `house_info` VALUES (000059, '2', '2', '2', '201', '110', '三室一厅一厨两卫', '0', NULL, NULL, NULL, NULL);
INSERT INTO `house_info` VALUES (000060, '2', '2', '2', '202', '110', '三室一厅一厨两卫', '0', NULL, NULL, NULL, NULL);
INSERT INTO `house_info` VALUES (000061, '2', '2', '3', '301', '110', '三室一厅一厨两卫', '0', NULL, NULL, NULL, NULL);
INSERT INTO `house_info` VALUES (000062, '2', '2', '3', '302', '110', '三室一厅一厨两卫', '0', NULL, NULL, NULL, NULL);
INSERT INTO `house_info` VALUES (000063, '2', '2', '4', '401', '110', '三室一厅一厨两卫', '0', NULL, NULL, NULL, NULL);
INSERT INTO `house_info` VALUES (000064, '2', '2', '4', '401', '110', '三室一厅一厨两卫', '0', NULL, NULL, NULL, NULL);
INSERT INTO `house_info` VALUES (000065, '2', '2', '5', '501', '110', '三室一厅一厨两卫', '0', NULL, NULL, NULL, NULL);
INSERT INTO `house_info` VALUES (000066, '2', '2', '5', '502', '110', '三室一厅一厨两卫', '0', NULL, NULL, NULL, NULL);
INSERT INTO `house_info` VALUES (000067, '2', '2', '6', '601', '110', '三室一厅一厨两卫', '0', NULL, NULL, NULL, NULL);
INSERT INTO `house_info` VALUES (000068, '2', '2', '6', '602', '110', '三室一厅一厨两卫', '0', NULL, NULL, NULL, NULL);
INSERT INTO `house_info` VALUES (000069, '2', '2', '7', '701', '110', '三室一厅一厨两卫', '0', NULL, NULL, NULL, NULL);
INSERT INTO `house_info` VALUES (000070, '2', '2', '7', '702', '110', '三室一厅一厨两卫', '0', NULL, NULL, NULL, NULL);
INSERT INTO `house_info` VALUES (000071, '2', '3', '1', '101', '110', '三室一厅一厨两卫', '0', NULL, NULL, NULL, NULL);
INSERT INTO `house_info` VALUES (000072, '2', '3', '1', '102', '110', '三室一厅一厨两卫', '0', NULL, NULL, NULL, NULL);
INSERT INTO `house_info` VALUES (000073, '2', '3', '2', '201', '110', '三室一厅一厨两卫', '0', NULL, NULL, NULL, NULL);
INSERT INTO `house_info` VALUES (000074, '2', '3', '2', '202', '110', '三室一厅一厨两卫', '0', NULL, NULL, NULL, NULL);
INSERT INTO `house_info` VALUES (000075, '2', '3', '3', '301', '110', '三室一厅一厨两卫', '0', NULL, NULL, NULL, NULL);
INSERT INTO `house_info` VALUES (000076, '2', '3', '3', '302', '110', '三室一厅一厨两卫', '0', NULL, NULL, NULL, NULL);
INSERT INTO `house_info` VALUES (000077, '2', '3', '4', '401', '110', '三室一厅一厨两卫', '0', NULL, NULL, NULL, NULL);
INSERT INTO `house_info` VALUES (000078, '2', '3', '4', '401', '110', '三室一厅一厨两卫', '0', NULL, NULL, NULL, NULL);
INSERT INTO `house_info` VALUES (000079, '2', '3', '5', '501', '110', '三室一厅一厨两卫', '0', NULL, NULL, NULL, NULL);
INSERT INTO `house_info` VALUES (000080, '2', '3', '5', '502', '110', '三室一厅一厨两卫', '0', NULL, NULL, NULL, NULL);
INSERT INTO `house_info` VALUES (000081, '2', '3', '6', '601', '110', '三室一厅一厨两卫', '0', NULL, NULL, NULL, NULL);
INSERT INTO `house_info` VALUES (000082, '2', '3', '6', '602', '110', '三室一厅一厨两卫', '0', NULL, NULL, NULL, NULL);
INSERT INTO `house_info` VALUES (000083, '2', '3', '7', '701', '110', '三室一厅一厨两卫', '0', NULL, NULL, NULL, NULL);
INSERT INTO `house_info` VALUES (000084, '2', '3', '7', '702', '110', '三室一厅一厨两卫', '0', NULL, NULL, NULL, NULL);
INSERT INTO `house_info` VALUES (000085, '3', '1', '1', '101', '110', '三室一厅一厨两卫', '0', NULL, NULL, NULL, NULL);
INSERT INTO `house_info` VALUES (000086, '3', '1', '1', '102', '110', '三室一厅一厨两卫', '0', NULL, NULL, NULL, NULL);
INSERT INTO `house_info` VALUES (000087, '3', '1', '2', '201', '110', '三室一厅一厨两卫', '0', NULL, NULL, NULL, NULL);
INSERT INTO `house_info` VALUES (000088, '3', '1', '2', '202', '110', '三室一厅一厨两卫', '0', NULL, NULL, NULL, NULL);
INSERT INTO `house_info` VALUES (000089, '3', '1', '3', '301', '110', '三室一厅一厨两卫', '0', NULL, NULL, NULL, NULL);
INSERT INTO `house_info` VALUES (000090, '3', '1', '3', '302', '110', '三室一厅一厨两卫', '0', NULL, NULL, NULL, NULL);
INSERT INTO `house_info` VALUES (000091, '3', '1', '4', '401', '110', '三室一厅一厨两卫', '0', NULL, NULL, NULL, NULL);
INSERT INTO `house_info` VALUES (000092, '3', '1', '4', '401', '110', '三室一厅一厨两卫', '0', NULL, NULL, NULL, NULL);
INSERT INTO `house_info` VALUES (000093, '3', '1', '5', '501', '110', '三室一厅一厨两卫', '0', NULL, NULL, NULL, NULL);
INSERT INTO `house_info` VALUES (000094, '3', '1', '5', '502', '110', '三室一厅一厨两卫', '0', NULL, NULL, NULL, NULL);
INSERT INTO `house_info` VALUES (000095, '3', '1', '6', '601', '110', '三室一厅一厨两卫', '0', NULL, NULL, NULL, NULL);
INSERT INTO `house_info` VALUES (000096, '3', '1', '6', '602', '110', '三室一厅一厨两卫', '0', NULL, NULL, NULL, NULL);
INSERT INTO `house_info` VALUES (000097, '3', '1', '7', '701', '110', '三室一厅一厨两卫', '0', NULL, NULL, NULL, NULL);
INSERT INTO `house_info` VALUES (000098, '3', '1', '7', '702', '110', '三室一厅一厨两卫', '0', NULL, NULL, NULL, NULL);
INSERT INTO `house_info` VALUES (000099, '3', '2', '1', '101', '110', '三室一厅一厨两卫', '0', NULL, NULL, NULL, NULL);
INSERT INTO `house_info` VALUES (000100, '3', '2', '1', '102', '110', '三室一厅一厨两卫', '0', NULL, NULL, NULL, NULL);
INSERT INTO `house_info` VALUES (000101, '3', '2', '2', '201', '110', '三室一厅一厨两卫', '0', NULL, NULL, NULL, NULL);
INSERT INTO `house_info` VALUES (000102, '3', '2', '2', '202', '110', '三室一厅一厨两卫', '0', NULL, NULL, NULL, NULL);
INSERT INTO `house_info` VALUES (000103, '3', '2', '3', '301', '110', '三室一厅一厨两卫', '0', NULL, NULL, NULL, NULL);
INSERT INTO `house_info` VALUES (000104, '3', '2', '3', '302', '110', '三室一厅一厨两卫', '0', NULL, NULL, NULL, NULL);
INSERT INTO `house_info` VALUES (000105, '3', '2', '4', '401', '110', '三室一厅一厨两卫', '0', NULL, NULL, NULL, NULL);
INSERT INTO `house_info` VALUES (000106, '3', '2', '4', '401', '110', '三室一厅一厨两卫', '0', NULL, NULL, NULL, NULL);
INSERT INTO `house_info` VALUES (000107, '3', '2', '5', '501', '110', '三室一厅一厨两卫', '0', NULL, NULL, NULL, NULL);
INSERT INTO `house_info` VALUES (000108, '3', '2', '5', '502', '110', '三室一厅一厨两卫', '0', NULL, NULL, NULL, NULL);
INSERT INTO `house_info` VALUES (000109, '3', '2', '6', '601', '110', '三室一厅一厨两卫', '0', NULL, NULL, NULL, NULL);
INSERT INTO `house_info` VALUES (000110, '3', '2', '6', '602', '110', '三室一厅一厨两卫', '0', NULL, NULL, NULL, NULL);
INSERT INTO `house_info` VALUES (000111, '3', '2', '7', '701', '110', '三室一厅一厨两卫', '0', NULL, NULL, NULL, NULL);
INSERT INTO `house_info` VALUES (000112, '3', '2', '7', '702', '110', '三室一厅一厨两卫', '0', NULL, NULL, NULL, NULL);
INSERT INTO `house_info` VALUES (000113, '3', '3', '1', '101', '110', '三室一厅一厨两卫', '0', NULL, NULL, NULL, NULL);
INSERT INTO `house_info` VALUES (000114, '3', '3', '1', '102', '110', '三室一厅一厨两卫', '0', NULL, NULL, NULL, NULL);
INSERT INTO `house_info` VALUES (000115, '3', '3', '2', '201', '110', '三室一厅一厨两卫', '0', NULL, NULL, NULL, NULL);
INSERT INTO `house_info` VALUES (000116, '3', '3', '2', '202', '110', '三室一厅一厨两卫', '0', NULL, NULL, NULL, NULL);
INSERT INTO `house_info` VALUES (000117, '3', '3', '3', '301', '110', '三室一厅一厨两卫', '0', NULL, NULL, NULL, NULL);
INSERT INTO `house_info` VALUES (000118, '3', '3', '3', '302', '110', '三室一厅一厨两卫', '0', NULL, NULL, NULL, NULL);
INSERT INTO `house_info` VALUES (000119, '3', '3', '4', '401', '110', '三室一厅一厨两卫', '0', NULL, NULL, NULL, NULL);
INSERT INTO `house_info` VALUES (000120, '3', '3', '4', '401', '110', '三室一厅一厨两卫', '0', NULL, NULL, NULL, NULL);
INSERT INTO `house_info` VALUES (000121, '3', '3', '5', '501', '110', '三室一厅一厨两卫', '0', NULL, NULL, NULL, NULL);
INSERT INTO `house_info` VALUES (000122, '3', '3', '5', '502', '110', '三室一厅一厨两卫', '0', NULL, NULL, NULL, NULL);
INSERT INTO `house_info` VALUES (000123, '3', '3', '6', '601', '110', '三室一厅一厨两卫', '0', NULL, NULL, NULL, NULL);
INSERT INTO `house_info` VALUES (000124, '3', '3', '6', '602', '110', '三室一厅一厨两卫', '0', NULL, NULL, NULL, NULL);
INSERT INTO `house_info` VALUES (000125, '3', '3', '7', '701', '110', '三室一厅一厨两卫', '0', NULL, NULL, NULL, NULL);
INSERT INTO `house_info` VALUES (000126, '3', '3', '7', '702', '110', '三室一厅一厨两卫', '0', NULL, NULL, NULL, NULL);
INSERT INTO `house_info` VALUES (000127, '2', '1', '1', '103', '126', '4房1厅', '0', NULL, NULL, NULL, NULL);

-- ----------------------------
-- Table structure for menu
-- ----------------------------
DROP TABLE IF EXISTS `menu`;
CREATE TABLE `menu`  (
  `id` int(6) UNSIGNED ZEROFILL NOT NULL AUTO_INCREMENT COMMENT '自增主键',
  `parent_id` int(6) UNSIGNED ZEROFILL NULL DEFAULT NULL COMMENT '父菜单ID',
  `menu_name` varchar(255) CHARACTER SET utf8 COLLATE utf8_general_ci NULL DEFAULT NULL COMMENT '菜单名',
  `url` varchar(512) CHARACTER SET utf8 COLLATE utf8_general_ci NULL DEFAULT NULL COMMENT '跳转地址',
  `icon_name` varchar(255) CHARACTER SET utf8 COLLATE utf8_general_ci NULL DEFAULT NULL COMMENT '图标名',
  `sort` decimal(10, 2) NULL DEFAULT NULL COMMENT '排序',
  PRIMARY KEY (`id`) USING BTREE
) ENGINE = MyISAM AUTO_INCREMENT = 62 CHARACTER SET = utf8 COLLATE = utf8_general_ci COMMENT = '菜单表' ROW_FORMAT = Dynamic;

-- ----------------------------
-- Records of menu
-- ----------------------------
INSERT INTO `menu` VALUES (000001, NULL, '楼宇管理', 'building/toBuildingPage', '&#xe6fc;', 8.00);
INSERT INTO `menu` VALUES (000002, NULL, '房屋管理', 'house/toHousePage', '&#xe6fb;', 9.00);
INSERT INTO `menu` VALUES (000005, NULL, '物业收费管理', '', '&#xe726;', 3.00);
INSERT INTO `menu` VALUES (000003, NULL, '车位收费管理', 'carPark/toCarParkPage', '&#xe6e3;', 2.00);
INSERT INTO `menu` VALUES (000051, 000005, '收费项目管理', 'propertyChargeItem/toPropertyChargeItemPage', '&#xe6ab;', 3.10);
INSERT INTO `menu` VALUES (000052, 000005, '抄表管理', 'propertyChargeVisit/toPropertyChargeVisitPage', '&#xe6a2;', 3.20);
INSERT INTO `menu` VALUES (000053, 000005, '缴费记录管理', 'propertyPayVisit/toPropertyPayVisitPage', '&#xe70c;', 3.30);
INSERT INTO `menu` VALUES (000004, NULL, '住户管理', 'user/toUserPage', '&#xe6b8;', 7.00);
INSERT INTO `menu` VALUES (000007, NULL, '投诉信息管理', 'userComplaint/toUserComplaintPage', '&#xe6c7;', 4.00);
INSERT INTO `menu` VALUES (000006, NULL, '报修信息管理', 'userRepair/toUserRepairPage', '&#xe6d4;', 5.00);
INSERT INTO `menu` VALUES (000011, NULL, '系统管理', '', '&#xe70b;', 13.00);
INSERT INTO `menu` VALUES (000008, NULL, '公告管理', NULL, '&#xe6b3;', 1.00);
INSERT INTO `menu` VALUES (000055, NULL, '疫情打卡管理', 'accessVisit/toDataPage', '&#xe744;', 6.00);
INSERT INTO `menu` VALUES (000013, 000008, '公告评论管理', 'comment/toDataPage', '&#xe69b;', 1.20);
INSERT INTO `menu` VALUES (000009, NULL, '员工管理', 'employee/toDataPage', '&#xe6c7;', 10.00);
INSERT INTO `menu` VALUES (000056, NULL, '统计分析', 'asset/statisticAnalysis', '&#xe70c;', 12.00);
INSERT INTO `menu` VALUES (000058, 000008, '公告信息管理', 'notice/toDataPage', '&#xe6b3;', 1.10);
INSERT INTO `menu` VALUES (000059, 000011, '系统用户管理', 'adminInfo/toAdminPage', NULL, 13.10);
INSERT INTO `menu` VALUES (000060, 000011, '修改信息', NULL, '&#xe82b;', 13.20);
INSERT INTO `menu` VALUES (000061, NULL, '车位管理', 'carPark/toCarParkMainPage', '&#xe6e3;', 9.90);

-- ----------------------------
-- Table structure for menu_admin_relation
-- ----------------------------
DROP TABLE IF EXISTS `menu_admin_relation`;
CREATE TABLE `menu_admin_relation`  (
  `id` int(6) UNSIGNED ZEROFILL NOT NULL AUTO_INCREMENT COMMENT '自增主键',
  `user_id` int(6) UNSIGNED ZEROFILL NULL DEFAULT NULL COMMENT '管理员ID',
  `menu_id` int(6) UNSIGNED ZEROFILL NULL DEFAULT NULL COMMENT '菜单ID',
  PRIMARY KEY (`id`) USING BTREE
) ENGINE = MyISAM AUTO_INCREMENT = 78 CHARACTER SET = utf8 COLLATE = utf8_general_ci COMMENT = '菜单与管理员管理表' ROW_FORMAT = Fixed;

-- ----------------------------
-- Records of menu_admin_relation
-- ----------------------------
INSERT INTO `menu_admin_relation` VALUES (000001, 000001, 000001);
INSERT INTO `menu_admin_relation` VALUES (000002, 000001, 000002);
INSERT INTO `menu_admin_relation` VALUES (000003, 000001, 000003);
INSERT INTO `menu_admin_relation` VALUES (000004, 000001, 000005);
INSERT INTO `menu_admin_relation` VALUES (000005, 000001, 000051);
INSERT INTO `menu_admin_relation` VALUES (000006, 000001, 000052);
INSERT INTO `menu_admin_relation` VALUES (000007, 000001, 000053);
INSERT INTO `menu_admin_relation` VALUES (000008, 000001, 000004);
INSERT INTO `menu_admin_relation` VALUES (000009, 000001, 000007);
INSERT INTO `menu_admin_relation` VALUES (000010, 000001, 000006);
INSERT INTO `menu_admin_relation` VALUES (000011, 000001, 000011);
INSERT INTO `menu_admin_relation` VALUES (000045, 000001, 000008);
INSERT INTO `menu_admin_relation` VALUES (000046, 000001, 000055);
INSERT INTO `menu_admin_relation` VALUES (000095, 000002, 000055);
INSERT INTO `menu_admin_relation` VALUES (000053, 000001, 000013);
INSERT INTO `menu_admin_relation` VALUES (000091, 000003, 000006);
INSERT INTO `menu_admin_relation` VALUES (000057, 000001, 000009);
INSERT INTO `menu_admin_relation` VALUES (000090, 000003, 000007);
INSERT INTO `menu_admin_relation` VALUES (000089, 000003, 000003);
INSERT INTO `menu_admin_relation` VALUES (000088, 000003, 000053);
INSERT INTO `menu_admin_relation` VALUES (000087, 000003, 000052);
INSERT INTO `menu_admin_relation` VALUES (000086, 000003, 000051);
INSERT INTO `menu_admin_relation` VALUES (000085, 000003, 000005);
INSERT INTO `menu_admin_relation` VALUES (000084, 000002, 000058);
INSERT INTO `menu_admin_relation` VALUES (000083, 000002, 000013);
INSERT INTO `menu_admin_relation` VALUES (000082, 000002, 000008);
INSERT INTO `menu_admin_relation` VALUES (000081, 000002, 000009);
INSERT INTO `menu_admin_relation` VALUES (000080, 000002, 000004);
INSERT INTO `menu_admin_relation` VALUES (000079, 000002, 000002);
INSERT INTO `menu_admin_relation` VALUES (000078, 000002, 000001);
INSERT INTO `menu_admin_relation` VALUES (000073, 000001, 000056);
INSERT INTO `menu_admin_relation` VALUES (000074, 000001, 000058);
INSERT INTO `menu_admin_relation` VALUES (000075, 000001, 000059);
INSERT INTO `menu_admin_relation` VALUES (000076, 000001, 000060);
INSERT INTO `menu_admin_relation` VALUES (000077, 000001, 000061);

-- ----------------------------
-- Table structure for notice
-- ----------------------------
DROP TABLE IF EXISTS `notice`;
CREATE TABLE `notice`  (
  `id` int(11) NOT NULL AUTO_INCREMENT COMMENT '自增主键',
  `title` varchar(255) CHARACTER SET utf8 COLLATE utf8_general_ci NULL DEFAULT NULL COMMENT '公告标题',
  `content` varchar(255) CHARACTER SET utf8 COLLATE utf8_general_ci NULL DEFAULT NULL COMMENT '公告内容',
  `create_date` date NULL DEFAULT NULL COMMENT '发布时间',
  `news_img` varchar(255) CHARACTER SET utf8 COLLATE utf8_general_ci NULL DEFAULT NULL COMMENT '公告图片',
  `user_name` varchar(255) CHARACTER SET utf8 COLLATE utf8_general_ci NULL DEFAULT NULL COMMENT '作者',
  `user_id` int(11) NULL DEFAULT NULL COMMENT '用户ID',
  PRIMARY KEY (`id`) USING BTREE
) ENGINE = InnoDB AUTO_INCREMENT = 14 CHARACTER SET = utf8 COLLATE = utf8_general_ci COMMENT = '公告表' ROW_FORMAT = Dynamic;

-- ----------------------------
-- Records of notice
-- ----------------------------
INSERT INTO `notice` VALUES (12, '失物招领', '失物招领', '2024-01-30', '128000dfa4bf4e3ba6c5cf7384558c25.jpg', '住户1', 8);
INSERT INTO `notice` VALUES (13, '交物业费', '交物业费', '2024-01-30', 'e42d87bd4d67473391fa6fa6cdb01413.jpg', '超级管理员', NULL);

-- ----------------------------
-- Table structure for property_charge_item
-- ----------------------------
DROP TABLE IF EXISTS `property_charge_item`;
CREATE TABLE `property_charge_item`  (
  `id` int(6) UNSIGNED ZEROFILL NOT NULL AUTO_INCREMENT COMMENT '自增主键',
  `charge_name` varchar(32) CHARACTER SET utf8 COLLATE utf8_general_ci NULL DEFAULT NULL COMMENT '收费项目名',
  `create_date` datetime(0) NULL DEFAULT NULL COMMENT '创建时间',
  `item_price` int(11) NULL DEFAULT NULL COMMENT '项目单价',
  `price_desc` varchar(255) CHARACTER SET utf8 COLLATE utf8_general_ci NULL DEFAULT NULL COMMENT '价格描述',
  PRIMARY KEY (`id`) USING BTREE
) ENGINE = InnoDB AUTO_INCREMENT = 13 CHARACTER SET = utf8 COLLATE = utf8_general_ci COMMENT = '物业收费项目信息表 ' ROW_FORMAT = Dynamic;

-- ----------------------------
-- Records of property_charge_item
-- ----------------------------
INSERT INTO `property_charge_item` VALUES (000008, '低层住宅物业费', '2024-01-29 21:56:32', 50, '每平米0.5元');
INSERT INTO `property_charge_item` VALUES (000009, '高层住宅物业费', '2024-01-29 21:57:21', 80, '每平米0.8元');
INSERT INTO `property_charge_item` VALUES (000010, '车位费', '2024-01-30 01:08:00', 8000, NULL);
INSERT INTO `property_charge_item` VALUES (000011, '测试', '2024-01-08 19:35:43', 100, '测试');
INSERT INTO `property_charge_item` VALUES (000012, '物业', '2024-01-08 19:35:54', 100, '1');

-- ----------------------------
-- Table structure for property_charge_visit
-- ----------------------------
DROP TABLE IF EXISTS `property_charge_visit`;
CREATE TABLE `property_charge_visit`  (
  `id` int(6) UNSIGNED ZEROFILL NOT NULL AUTO_INCREMENT COMMENT '自增主键',
  `item_id` int(11) NULL DEFAULT NULL COMMENT '收费项目ID',
  `item_name` varchar(64) CHARACTER SET utf8 COLLATE utf8_general_ci NULL DEFAULT NULL COMMENT '收费项名称',
  `house_id` int(11) NULL DEFAULT NULL COMMENT '住房ID',
  `building_num` varchar(32) CHARACTER SET utf8 COLLATE utf8_general_ci NULL DEFAULT NULL COMMENT '楼宇号',
  `unit_num` varchar(32) CHARACTER SET utf8 COLLATE utf8_general_ci NULL DEFAULT NULL COMMENT '单元号',
  `house_num` varchar(32) CHARACTER SET utf8 COLLATE utf8_general_ci NULL DEFAULT NULL COMMENT '房间号',
  `user_name` varchar(32) CHARACTER SET utf8 COLLATE utf8_general_ci NULL DEFAULT NULL COMMENT '客户姓名',
  `phone` varchar(255) CHARACTER SET utf8 COLLATE utf8_general_ci NULL DEFAULT NULL COMMENT '客户手机号',
  `price` int(11) NULL DEFAULT NULL COMMENT '费用',
  `prev_month_count` int(11) NULL DEFAULT NULL COMMENT '上月读数',
  `curr_month_count` int(11) NULL DEFAULT NULL COMMENT '本月读数',
  `use_count` int(11) NULL DEFAULT NULL COMMENT '本次用量',
  `visit_date` datetime(0) NULL DEFAULT NULL COMMENT '录入时间',
  `read_date` datetime(0) NULL DEFAULT NULL COMMENT '抄表时间',
  `read_name` varchar(32) CHARACTER SET utf8 COLLATE utf8_general_ci NULL DEFAULT NULL COMMENT '抄表人',
  `visit_status` varchar(32) CHARACTER SET utf8 COLLATE utf8_general_ci NULL DEFAULT NULL COMMENT '记录状态（0已缴费  1未交费）',
  PRIMARY KEY (`id`) USING BTREE
) ENGINE = InnoDB AUTO_INCREMENT = 20 CHARACTER SET = utf8 COLLATE = utf8_general_ci COMMENT = '物业收费记录信息表 ' ROW_FORMAT = Dynamic;

-- ----------------------------
-- Records of property_charge_visit
-- ----------------------------
INSERT INTO `property_charge_visit` VALUES (000010, 10, '车位费', 2, '1', '1', '102', '张三', '15566778899', 8000, 0, 1, 1, NULL, '2024-01-01 00:00:00', '11', '0');
INSERT INTO `property_charge_visit` VALUES (000011, 11, '测试', 2, '1', '1', '102', '张三', '15566778899', 100, 0, 1, 1, NULL, '2024-01-01 00:00:00', '1', '0');
INSERT INTO `property_charge_visit` VALUES (000014, 9, '高层住宅物业费', 2, '1', '1', '102', '张三', '15566778899', 8800, NULL, NULL, NULL, NULL, '2024-01-08 19:57:06', '张三', '0');
INSERT INTO `property_charge_visit` VALUES (000015, 8, '低层住宅物业费', 3, '1', '1', '201', '李四', '15566889966', 5500, NULL, NULL, NULL, NULL, '2024-01-01 00:00:00', '管理员', '0');
INSERT INTO `property_charge_visit` VALUES (000016, 8, '低层住宅物业费', 3, '1', '1', '201', '李四', '15566889966', 5500, NULL, NULL, NULL, NULL, '2024-01-01 00:00:00', '管理员', '0');
INSERT INTO `property_charge_visit` VALUES (000018, 8, '低层住宅物业费', 2, '1', '1', '102', '李四', '15566889966', 5500, NULL, NULL, NULL, NULL, '2024-01-01 00:00:00', '管理员', '1');
INSERT INTO `property_charge_visit` VALUES (000019, 8, '低层住宅物业费', 1, '1', '1', '101', '冰冰', '13788889999', 5500, NULL, NULL, NULL, NULL, '2024-01-01 00:00:00', '管理员', '0');

-- ----------------------------
-- Table structure for property_pay_visit
-- ----------------------------
DROP TABLE IF EXISTS `property_pay_visit`;
CREATE TABLE `property_pay_visit`  (
  `id` int(6) UNSIGNED ZEROFILL NOT NULL AUTO_INCREMENT COMMENT '自增主键',
  `charge_id` int(11) NOT NULL COMMENT '对应物业收费记录表的ID',
  `building_num` varchar(32) CHARACTER SET utf8 COLLATE utf8_general_ci NULL DEFAULT NULL COMMENT '楼宇号',
  `unit_num` varchar(32) CHARACTER SET utf8 COLLATE utf8_general_ci NULL DEFAULT NULL COMMENT '单元号',
  `house_num` varchar(32) CHARACTER SET utf8 COLLATE utf8_general_ci NULL DEFAULT NULL COMMENT '房间号',
  `client_name` varchar(32) CHARACTER SET utf8 COLLATE utf8_general_ci NULL DEFAULT NULL COMMENT '客户姓名',
  `item_name` varchar(32) CHARACTER SET utf8 COLLATE utf8_general_ci NULL DEFAULT NULL COMMENT '收费项目',
  `pay_money` int(11) NULL DEFAULT NULL COMMENT '缴费金额（单位：分）',
  `pay_type` varchar(32) CHARACTER SET utf8 COLLATE utf8_general_ci NULL DEFAULT NULL COMMENT '缴费方式',
  `charge_person` varchar(32) CHARACTER SET utf8 COLLATE utf8_general_ci NULL DEFAULT NULL COMMENT '收费人员',
  `pay_date` datetime(0) NULL DEFAULT NULL COMMENT '缴费时间',
  PRIMARY KEY (`id`) USING BTREE
) ENGINE = InnoDB AUTO_INCREMENT = 12 CHARACTER SET = utf8 COLLATE = utf8_general_ci COMMENT = '物业缴费记录信息表 ' ROW_FORMAT = Dynamic;

-- ----------------------------
-- Records of property_pay_visit
-- ----------------------------
INSERT INTO `property_pay_visit` VALUES (000005, 10, '1', '1', '102', '张三', '车位费', 8000, '微信', '1', '2024-01-08 19:09:04');
INSERT INTO `property_pay_visit` VALUES (000006, 14, '1', '1', '102', '张三', '高层住宅物业费', 8800, '现金', '123', '2024-01-12 22:27:39');
INSERT INTO `property_pay_visit` VALUES (000007, 11, '1', '1', '102', '张三', '测试', 100, '支付宝', '123', '2024-01-12 22:27:49');
INSERT INTO `property_pay_visit` VALUES (000008, 16, '1', '1', '201', '李四', '低层住宅物业费', 5500, '现金', '管理员', '2024-01-15 17:09:25');
INSERT INTO `property_pay_visit` VALUES (000009, 15, '1', '1', '201', '李四', '低层住宅物业费', 5500, '现金', '管理员', '2024-01-15 19:40:59');
INSERT INTO `property_pay_visit` VALUES (000010, 10, '1', '1', '102', '张三', '车位费', 8000, '现金', '管理员', '2024-01-15 19:44:26');
INSERT INTO `property_pay_visit` VALUES (000011, 19, '1', '1', '101', '冰冰', '低层住宅物业费', 5500, '现金', '管理员', '2024-01-17 00:57:41');

-- ----------------------------
-- Table structure for unit_building
-- ----------------------------
DROP TABLE IF EXISTS `unit_building`;
CREATE TABLE `unit_building`  (
  `id` int(6) UNSIGNED ZEROFILL NOT NULL AUTO_INCREMENT COMMENT '主键ID',
  `building_num` int(11) NULL DEFAULT NULL COMMENT '楼宇号',
  `unit_count` int(11) NULL DEFAULT NULL COMMENT '单元数量',
  `floor_count` int(11) NULL DEFAULT NULL COMMENT '楼层',
  PRIMARY KEY (`id`) USING BTREE
) ENGINE = InnoDB AUTO_INCREMENT = 9 CHARACTER SET = utf8 COLLATE = utf8_general_ci COMMENT = '楼宇信息表 ' ROW_FORMAT = Dynamic;

-- ----------------------------
-- Records of unit_building
-- ----------------------------
INSERT INTO `unit_building` VALUES (000002, 2, 3, 7);
INSERT INTO `unit_building` VALUES (000003, 3, 3, 7);
INSERT INTO `unit_building` VALUES (000004, 5, 2, 21);
INSERT INTO `unit_building` VALUES (000005, 6, 2, 21);
INSERT INTO `unit_building` VALUES (000007, 7, 3, 21);
INSERT INTO `unit_building` VALUES (000008, 1, 3, 10);

-- ----------------------------
-- Table structure for user
-- ----------------------------
DROP TABLE IF EXISTS `user`;
CREATE TABLE `user`  (
  `id` int(6) UNSIGNED ZEROFILL NOT NULL AUTO_INCREMENT COMMENT '自增主键',
  `user_name` varchar(128) CHARACTER SET utf8 COLLATE utf8_general_ci NULL DEFAULT NULL COMMENT '用户姓名',
  `phone` varchar(32) CHARACTER SET utf8 COLLATE utf8_general_ci NULL DEFAULT NULL COMMENT '电话',
  `card_num` varchar(32) CHARACTER SET utf8 COLLATE utf8_general_ci NULL DEFAULT NULL COMMENT '身份证号',
  `sex` varchar(32) CHARACTER SET utf8 COLLATE utf8_general_ci NULL DEFAULT NULL COMMENT '性别',
  `nation` varchar(32) CHARACTER SET utf8 COLLATE utf8_general_ci NULL DEFAULT NULL COMMENT '民族',
  `register_address` varchar(32) CHARACTER SET utf8 COLLATE utf8_general_ci NULL DEFAULT NULL COMMENT '户籍地址',
  `email` varchar(255) CHARACTER SET utf8 COLLATE utf8_general_ci NULL DEFAULT NULL COMMENT '邮箱地址',
  `password` varchar(255) CHARACTER SET utf8 COLLATE utf8_general_ci NULL DEFAULT NULL COMMENT '用户密码',
  PRIMARY KEY (`id`) USING BTREE
) ENGINE = InnoDB AUTO_INCREMENT = 13 CHARACTER SET = utf8 COLLATE = utf8_general_ci COMMENT = '住户信息表 ' ROW_FORMAT = Dynamic;

-- ----------------------------
-- Records of user
-- ----------------------------
INSERT INTO `user` VALUES (000001, '张三', '15566778899', '11010519491231003X', '男', NULL, '北京', '857685038@qq.com', '123456');
INSERT INTO `user` VALUES (000002, '李四', '15566889966', '11010519491231004X', '女', NULL, '北京', '943701114@qq.com', '123456');
INSERT INTO `user` VALUES (000008, '住户1', '15566888811', '1101052199908080909', '男', NULL, NULL, '857685038@qq.com', '123456');
INSERT INTO `user` VALUES (000009, '住户2', '15566888822', '210321199807115019', '男', NULL, '辽宁', '857685038@qq.com', '123456');
INSERT INTO `user` VALUES (000010, '琳琳', '13782131238', '', NULL, NULL, NULL, '', '123456');
INSERT INTO `user` VALUES (000011, '车先生', '13978969825', '', NULL, NULL, NULL, '', '123456');
INSERT INTO `user` VALUES (000012, '冰冰', '13788889999', '40928213212xa1234', '女', NULL, NULL, '11223648@qq.com', '123456');

-- ----------------------------
-- Table structure for user_complaint
-- ----------------------------
DROP TABLE IF EXISTS `user_complaint`;
CREATE TABLE `user_complaint`  (
  `id` int(6) UNSIGNED ZEROFILL NOT NULL AUTO_INCREMENT COMMENT '自增主键',
  `user_name` varchar(32) CHARACTER SET utf8 COLLATE utf8_general_ci NULL DEFAULT NULL COMMENT '客户姓名',
  `phone` varchar(32) CHARACTER SET utf8 COLLATE utf8_general_ci NULL DEFAULT NULL COMMENT '客户电话',
  `complaint_info` varchar(32) CHARACTER SET utf8 COLLATE utf8_general_ci NULL DEFAULT NULL COMMENT '投诉信息',
  `create_date` datetime(0) NULL DEFAULT NULL COMMENT '创建时间',
  `is_solve` varchar(4) CHARACTER SET utf8 COLLATE utf8_general_ci NULL DEFAULT NULL COMMENT '是否处理 0未处理 1已处理',
  `user_id` int(11) NULL DEFAULT NULL COMMENT '对应的用户ID',
  `emp_id` int(11) NULL DEFAULT NULL COMMENT '对应的员工ID',
  `result_msg` varchar(512) CHARACTER SET utf8 COLLATE utf8_general_ci NULL DEFAULT NULL COMMENT '处理结果',
  `feedback_msg` varchar(512) CHARACTER SET utf8 COLLATE utf8_general_ci NULL DEFAULT NULL COMMENT '用户反馈',
  `score` varchar(32) CHARACTER SET utf8 COLLATE utf8_general_ci NULL DEFAULT NULL COMMENT '分值',
  `degree` varchar(10) CHARACTER SET utf8 COLLATE utf8_general_ci NULL DEFAULT NULL COMMENT '等级',
  PRIMARY KEY (`id`) USING BTREE
) ENGINE = InnoDB AUTO_INCREMENT = 5 CHARACTER SET = utf8 COLLATE = utf8_general_ci COMMENT = '用户投诉信息表 ' ROW_FORMAT = Dynamic;

-- ----------------------------
-- Records of user_complaint
-- ----------------------------
INSERT INTO `user_complaint` VALUES (000004, '张三', '15566778899', '楼下太吵', '2024-01-05 12:48:44', '1', 1, 2, '已解决', '算了算了，暂时解决问题了。哎', '-1.11', '差');

-- ----------------------------
-- Table structure for user_repair
-- ----------------------------
DROP TABLE IF EXISTS `user_repair`;
CREATE TABLE `user_repair`  (
  `id` int(6) UNSIGNED ZEROFILL NOT NULL AUTO_INCREMENT COMMENT '自增主键',
  `user_name` varchar(32) CHARACTER SET utf8 COLLATE utf8_general_ci NULL DEFAULT NULL COMMENT '客户姓名',
  `phone` varchar(32) CHARACTER SET utf8 COLLATE utf8_general_ci NULL DEFAULT NULL COMMENT '客户电话',
  `repair_info` varchar(32) CHARACTER SET utf8 COLLATE utf8_general_ci NULL DEFAULT NULL COMMENT '报修信息',
  `create_date` datetime(0) NULL DEFAULT NULL COMMENT '创建时间',
  `is_solve` varchar(4) CHARACTER SET utf8 COLLATE utf8_general_ci NULL DEFAULT NULL COMMENT '是否处理 0未处理 1已处理',
  `user_id` int(11) NULL DEFAULT NULL COMMENT '对应的用户ID',
  `emp_id` int(11) NULL DEFAULT NULL COMMENT '对应的员工ID',
  `result_msg` varchar(512) CHARACTER SET utf8 COLLATE utf8_general_ci NULL DEFAULT NULL COMMENT '处理结果',
  `feedback_msg` varchar(512) CHARACTER SET utf8 COLLATE utf8_general_ci NULL DEFAULT NULL COMMENT '用户反馈',
  `score` varchar(32) CHARACTER SET utf8 COLLATE utf8_general_ci NULL DEFAULT NULL COMMENT '分值',
  `degree` varchar(10) CHARACTER SET utf8 COLLATE utf8_general_ci NULL DEFAULT NULL COMMENT '等级',
  PRIMARY KEY (`id`) USING BTREE
) ENGINE = InnoDB AUTO_INCREMENT = 7 CHARACTER SET = utf8 COLLATE = utf8_general_ci COMMENT = '用户报修信息表 ' ROW_FORMAT = Dynamic;

-- ----------------------------
-- Records of user_repair
-- ----------------------------
INSERT INTO `user_repair` VALUES (000004, '张三', '15566778899', '一号楼二单元楼梯灯坏了', '2024-01-04 12:43:35', '1', 1, 2, '已经维修', '工作给力，点赞！', '1.29', '中');
INSERT INTO `user_repair` VALUES (000005, '张三', '15566778899', '楼梯灯坏了', '2024-01-05 12:55:44', '1', 1, 2, '已经维修', '好的谢谢', '5.05', '中');
INSERT INTO `user_repair` VALUES (000006, '张三', '15566778899', '二号楼三单元单元门坏了', '2024-01-05 18:26:12', '1', 1, 3, '没解决！', '搞什么嘛，差评，体验非常差！', '-2', '差');

-- ----------------------------
-- Table structure for user_unit_relation
-- ----------------------------
DROP TABLE IF EXISTS `user_unit_relation`;
CREATE TABLE `user_unit_relation`  (
  `id` int(6) UNSIGNED ZEROFILL NOT NULL AUTO_INCREMENT COMMENT '自增主键',
  `user_id` int(11) NULL DEFAULT NULL COMMENT '用户ID',
  `unit_id` int(11) NULL DEFAULT NULL COMMENT '住房ID',
  `create_date` datetime(0) NULL DEFAULT NULL COMMENT '创建时间',
  `is_house_holder` varchar(4) CHARACTER SET utf8 COLLATE utf8_general_ci NULL DEFAULT NULL COMMENT '是否是户主 1是  0否',
  PRIMARY KEY (`id`) USING BTREE
) ENGINE = InnoDB AUTO_INCREMENT = 23 CHARACTER SET = utf8 COLLATE = utf8_general_ci COMMENT = '用户与住房关系对应表 ' ROW_FORMAT = Dynamic;

-- ----------------------------
-- Records of user_unit_relation
-- ----------------------------
INSERT INTO `user_unit_relation` VALUES (000009, 2, 3, '2024-01-14 17:24:48', '1');
INSERT INTO `user_unit_relation` VALUES (000012, 1, 8, '2024-01-29 21:52:29', '1');
INSERT INTO `user_unit_relation` VALUES (000013, 1, 9, '2024-01-29 22:02:55', '1');
INSERT INTO `user_unit_relation` VALUES (000014, 2, 15, '2024-01-14 17:23:40', '1');
INSERT INTO `user_unit_relation` VALUES (000015, 1, 6, '2024-01-29 21:52:13', '1');
INSERT INTO `user_unit_relation` VALUES (000016, 1, 10, '2024-01-17 09:29:29', '1');
INSERT INTO `user_unit_relation` VALUES (000017, 8, 1, '2024-01-30 00:41:13', '0');
INSERT INTO `user_unit_relation` VALUES (000019, 1, 7, '2024-01-14 17:27:15', '1');
INSERT INTO `user_unit_relation` VALUES (000021, 2, 2, '2024-01-16 21:58:11', '1');
INSERT INTO `user_unit_relation` VALUES (000022, 12, 1, '2024-01-17 00:56:23', '1');

SET FOREIGN_KEY_CHECKS = 1;
